{"sections":{"promo-grid":{"type":"promo-grid","disabled":true,"blocks":{"banner":{"type":"banner","settings":{"heading":"Banner promotion","text":"Add the details of your promotion in smaller text","link":"","label":"Shop now","color_scheme":"none"}},"28680ffa-9c66-4de2-ba85-515045db4b92":{"type":"image","settings":{"image":"shopify:\/\/shop_images\/128756_Brene-Brown_00.jpg","link":"","width":"50"}}},"block_order":["banner","28680ffa-9c66-4de2-ba85-515045db4b92"],"settings":{"full_width":false,"gutter_size":20,"space_above":true,"space_below":false}},"collection-header":{"type":"collection-header","settings":{"enable":true,"collection_image_enable":false,"parallax":false}},"164428515598f12da9":{"type":"text-and-image","settings":{"image":"shopify:\/\/shop_images\/128756_Brene-Brown_00.jpg","image_width":700,"subtitle":"Brené Brown, PhD, LMSW, is a researcher, professor, podcast host and bestselling author. Through her books, workshops, and lectures, she encourages self-reflection, bravery, meaningful connection, and more.","title":"","text":"","button_label":"","button_link":"","button_style":"primary","align_text":"left","layout":"left","color_scheme":"none","divider":false}},"main-collection":{"type":"main-collection","blocks":{"collection_description":{"type":"collection_description","settings":{}},"subcollections":{"type":"subcollections","settings":{}},"product_grid":{"type":"product_grid","settings":{"grid_style":"small"}}},"block_order":["collection_description","subcollections","product_grid"],"settings":{"enable_sidebar":true,"collapse_filters":true,"enable_color_swatches":false,"enable_sort":true}},"recently-viewed":{"type":"recently-viewed","settings":{}},"16431033903519462f":{"type":"featured-collections","blocks":{"164310339024ce3bd3-0":{"type":"collection","settings":{"collection":"","title":""}},"164310339024ce3bd3-1":{"type":"collection","settings":{"collection":"","title":""}},"164310339024ce3bd3-2":{"type":"collection","settings":{"collection":"","title":""}},"164310339024ce3bd3-3":{"type":"collection","settings":{"collection":"","title":""}},"164310339024ce3bd3-4":{"type":"collection","settings":{"collection":"","title":""}},"164310339024ce3bd3-5":{"type":"collection","settings":{"collection":"","title":""}}},"block_order":["164310339024ce3bd3-0","164310339024ce3bd3-1","164310339024ce3bd3-2","164310339024ce3bd3-3","164310339024ce3bd3-4","164310339024ce3bd3-5"],"settings":{"title":"Popular categories","divider":false}}},"order":["promo-grid","collection-header","164428515598f12da9","main-collection","recently-viewed","16431033903519462f"]}