{"sections":{"1644290346b75dee68":{"type":"advanced-content","blocks":{"1644290345008867e4-1":{"type":"liquid","settings":{"code":"<div class=\"hero__animation-contents\">\n                          Books\n                        <\/div>\n\n<h1 hero__title>25% off Brene Brown's Books<\/h2><p>Save on all books by the renowned researcher, author, and podcast host, including her latest book, Atlas of the Heart.<\/p>\n\n<p hero__animation-contents> Save on all books by the renowned researcher, author, and podcast host, including her latest book, Atlas of the Heart.<\/p>","width":"33%","alignment":"center"}},"1644290345008867e4-0":{"type":"image","settings":{"image":"shopify:\/\/shop_images\/128756-hero-books-brenebrown__d-v2.jpg","link":"","width":"66%","alignment":"center"}}},"block_order":["1644290345008867e4-1","1644290345008867e4-0"],"settings":{"full_width":false,"space_around":true}},"slideshow-split2":{"type":"slideshow-split","blocks":{"slideshow-split2-0":{"type":"slide","settings":{"top_subheading":"Books","title":"25% off Brene Brown's Books","title_size":45,"subheading":"Save on all books by the renowned researcher, author, and podcast host, including her latest book, Atlas of the Heart.","link":"","link_text":"Shop Now","link_2":"","link_text_2":"","text_position":"left","image":"shopify:\/\/shop_images\/nn128756-hero-books-brenebrown__d-v2_900x_f9b2efa5-db6f-4751-80a2-8a8005074a75.jpg","indent_image":true,"focal_point":"center center","color_scheme":"none"}}},"block_order":["slideshow-split2-0"],"settings":{"full_width":true,"height":580,"height_mobile":540,"style":"arrows","autoplay":true,"autoplay_speed":7}},"promo-grid2":{"type":"promo-grid","blocks":{"promo-grid-2-0":{"type":"banner","settings":{"heading":"Wythfield Reading Challenge","text":"Discover 25 ways to refresh your booklist in 2022.","link":"","label":"Read Now","color_scheme":"none"}}},"block_order":["promo-grid-2-0"],"settings":{"full_width":true,"gutter_size":0,"space_above":false,"space_below":false}},"16432564369e3eb7df":{"type":"featured-collection","settings":{"title":"Wythfield's Bestsellers","home_featured_products":"best-selling-collection","count":5,"mobile_scrollable":true,"view_all":true,"divider":false}},"featured-collections":{"type":"featured-collections","blocks":{"featured-collections-0":{"type":"collection","settings":{"collection":"page-to-screen","title":""}},"featured-collections-1":{"type":"collection","settings":{"collection":"booktok","title":"Trending on #BookTok"}},"featured-collections-2":{"type":"collection","settings":{"collection":"best-books-of-2021","title":""}},"featured-collections-3":{"type":"collection","settings":{"collection":"cooking","title":""}},"featured-collections-4":{"type":"collection","settings":{"collection":"","title":""}},"featured-collections-5":{"type":"collection","settings":{"collection":"brene-brown-books","title":""}}},"block_order":["featured-collections-0","featured-collections-1","featured-collections-2","featured-collections-3","featured-collections-4","featured-collections-5"],"settings":{"title":"Popular Categories","divider":false}},"featured-collection2":{"type":"featured-collection","settings":{"title":"Now Trending on #BookTok","home_featured_products":"booktok","count":5,"mobile_scrollable":true,"view_all":true,"divider":false}},"16438750136b0a4494":{"type":"slideshow-split","blocks":{"16438750138f122fc1-0":{"type":"slide","settings":{"top_subheading":"Cookbooks","title":"Cookbooks Every Chef Needs","title_size":41,"subheading":"Find the ultimate insp for foodies, from vegetarian cookbooks to quick and easy dinner ideas, and more.","link":"","link_text":"Shop Now","link_2":"","link_text_2":"","text_position":"right","image":"shopify:\/\/shop_images\/128723-hero-winter_cookbooks-cookbooks_every_chef_needs-wk40-45_1__d.jpg","indent_image":false,"focal_point":"center center","color_scheme":"none"}}},"block_order":["16438750138f122fc1-0"],"settings":{"full_width":false,"height":520,"height_mobile":350,"style":"arrows","autoplay":true,"autoplay_speed":7}},"promo-grid":{"type":"promo-grid","blocks":{"promo-grid-1":{"type":"sale_collection","settings":{"sale_collection":"","top_text":"Up to","middle_text":"50% off","bottom_text":"Select products","width":"50","color_scheme":"3"}},"promo-grid-2":{"type":"sale_collection","settings":{"sale_collection":"","top_text":"Up to","middle_text":"50% off","bottom_text":"Select products","width":"50","color_scheme":"3"}}},"block_order":["promo-grid-1","promo-grid-2"],"settings":{"full_width":false,"gutter_size":20,"space_above":false,"space_below":false}},"featured-collection":{"type":"featured-collection","settings":{"title":"Featured collection","home_featured_products":"","count":5,"mobile_scrollable":true,"view_all":true,"divider":false}},"slideshow":{"type":"slideshow","blocks":{"slideshow-0":{"type":"hero","settings":{"top_subheading":"","title":"<p>Overlaid Hero Slide<\/p>","title_size":56,"subheading":"And optional subtext","link":"","link_text":"Optional button","link_2":"","link_text_2":"","color_accent":"#ffffff","text_align":"vertical-center horizontal-center","overlay_opacity":0,"focal_point":"center center"}},"slideshow-1":{"type":"hero","settings":{"top_subheading":"","title":"<p>Overlaid Hero Slide<\/p>","title_size":55,"subheading":"And optional subtext","link":"","link_text":"Optional button","link_2":"","link_text_2":"","color_accent":"#ffffff","text_align":"vertical-center horizontal-center","overlay_opacity":0,"focal_point":"center center"}}},"block_order":["slideshow-0","slideshow-1"],"settings":{"full_width":true,"desktop_size":-10,"mobile_size":0,"style":"arrows","autoplay":true,"autoplay_speed":5}},"rich-text":{"type":"rich-text","blocks":{"heading":{"type":"heading","settings":{"title":"Rich text"}},"text":{"type":"text","settings":{"enlarge_text":true,"text":"<p>Use this text to share information about your brand with your customers. Describe a product, share announcements, or welcome customers to your store.<\/p>"}}},"block_order":["heading","text"],"settings":{"align_text":"center","narrow_column":true,"color_scheme":"3","divider":false}},"164324944835e9d3ca":{"type":"text-columns","blocks":{"1643249448463bfc9d-0":{"type":"text_block","settings":{"enable_image":true,"image_width":650,"title":"Example title","text":"<p>Use this section to explain a set of product features, to link to a series of pages, or to answer common questions.<\/p>","button_label":"Optional button","button_link":""}},"1643249448463bfc9d-1":{"type":"text_block","settings":{"enable_image":true,"image_width":650,"title":"Example title","text":"<p>Use this section to explain a set of product features, to link to a series of pages, or to answer common questions.<\/p>","button_label":"Optional button","button_link":""}},"1643249448463bfc9d-2":{"type":"text_block","settings":{"enable_image":true,"image_width":650,"title":"Example title","text":"<p>Use this section to explain a set of product features, to link to a series of pages, or to answer common questions.<\/p>","button_label":"Optional button","button_link":""}}},"block_order":["1643249448463bfc9d-0","1643249448463bfc9d-1","1643249448463bfc9d-2"],"settings":{"title":"","align_text":"left","divider":false,"color_scheme":"none"}},"16432495618bffa6e3":{"type":"advanced-content","blocks":{"1643249561fb5f2e22-0":{"type":"image","settings":{"image":"shopify:\/\/shop_images\/thrillerbooks.png","link":"","width":"75%","alignment":"center"}},"1643249561fb5f2e22-1":{"type":"liquid","settings":{"code":"<h2>Thrillers We Can't Put Down<\/h2><p>Dive into our favourtie pyschological thrillers, mystery novels, and more that'll have you reading into the night.<\/p>","width":"25%","alignment":"center"}}},"block_order":["1643249561fb5f2e22-0","1643249561fb5f2e22-1"],"settings":{"full_width":false,"space_around":true}},"16432536273f21c6f9":{"type":"background-image-text","settings":{"subtitle":"","title":"Large image with text box","text":"<p>Pair large text with a full-width image to draw attention to an important detail of your brand or product line.<\/p>","button_label":"","button_link":"","focal_point":"center","layout":"left","height":550,"parallax":false}}},"order":["1644290346b75dee68","slideshow-split2","promo-grid2","16432564369e3eb7df","featured-collections","featured-collection2","16438750136b0a4494","promo-grid","featured-collection","slideshow","rich-text","164324944835e9d3ca","16432495618bffa6e3","16432536273f21c6f9"]}