{"sections":{"main":{"type":"main-product","blocks":{"52e335e8-00e3-4897-baca-cf0084eaa320":{"type":"sales_point","settings":{"icon":"leaf","text":"by {{ product.metafields.custom_fields.author.value }}"}},"variant_picker":{"type":"variant_picker","settings":{"variant_labels":true,"picker_type":"button","color_swatches":false}},"sales_point":{"type":"sales_point","settings":{"icon":"checkmark","text":"ISBN: {{ product.metafields.details.ISBN.value }} | Pages: {{ product.metafields.custom_fields.pages.value }}"}},"price":{"type":"price","settings":{}},"sales_point2":{"type":"sales_point","settings":{"icon":"truck","text":"Free Shipping within Australia"}},"sales_point3":{"type":"sales_point","settings":{"icon":"package","text":"Carbon Neutral"}},"sales_point4":{"type":"sales_point","settings":{"icon":"lock","text":"Secure Payments"}},"inventory_status":{"type":"inventory_status","settings":{"inventory_threshold":2,"inventory_transfers_enable":true}},"buy_buttons":{"type":"buy_buttons","settings":{"show_dynamic_checkout":true,"surface_pickup_enable":true}},"81ae72ba-cce2-424a-b711-b699ffb9c2ee":{"type":"share","settings":{}},"8f2ddc8a-be14-4a75-b550-cdf5e40d4681":{"type":"sales_point","settings":{"icon":"leaf","text":"Description"}},"f6138390-c239-4607-8e64-3f9e2e4f9f6b":{"type":"text","disabled":true,"settings":{"text":"Description"}},"0adc01dd-2d34-4259-8bb4-62fae047d536":{"type":"description","settings":{"is_tab":false}},"085df10a-620e-42d9-b3e8-9bba3c3b4421":{"type":"quantity_selector","disabled":true,"settings":{}}},"block_order":["52e335e8-00e3-4897-baca-cf0084eaa320","variant_picker","sales_point","price","sales_point2","sales_point3","sales_point4","inventory_status","buy_buttons","81ae72ba-cce2-424a-b711-b699ffb9c2ee","8f2ddc8a-be14-4a75-b550-cdf5e40d4681","f6138390-c239-4607-8e64-3f9e2e4f9f6b","0adc01dd-2d34-4259-8bb4-62fae047d536","085df10a-620e-42d9-b3e8-9bba3c3b4421"],"settings":{"sku_enable":false,"image_position":"left","image_container_size":"medium","product_image_size":"square","product_zoom_enable":true,"thumbnail_position":"beside","thumbnail_arrows":false,"mobile_layout":"partial","enable_video_looping":true,"product_video_style":"muted"}},"sub":{"type":"product-full-width","blocks":{"description":{"type":"description","disabled":true,"settings":{"is_tab":false}},"tab":{"type":"tab","settings":{"title":"Shipping information","content":"<p>Enjoy free shipping on all orders. Parcels are usually delivered in 2-12 business days, depending on stock availability and shipping destination. Items are despatched from our Sydney warehouse.<\/p>","page":""}},"contact":{"type":"contact","settings":{"title":"Ask a question","phone":false}}},"block_order":["description","tab","contact"],"settings":{"max_width":true}},"recommendations":{"type":"product-recommendations","settings":{"product_recommendations_heading":"You may also like"}},"more-products-vendor":{"type":"more-products-vendor","settings":{}},"more-products-collection":{"type":"more-products-collection","settings":{}},"recently-viewed":{"type":"recently-viewed","settings":{}},"collection-return":{"type":"collection-return","settings":{"color_scheme":"none"}},"ryviu-widget":{"type":"ryviu-widget","settings":{}}},"order":["main","sub","recommendations","more-products-vendor","more-products-collection","recently-viewed","collection-return","ryviu-widget"]}