[
  {
    "name": "theme_info",
    "theme_name": "Expanse",
    "theme_author": "Archetype Themes",
    "theme_version": "2.0.1",
    "theme_documentation_url": "https://archetypethemes.co/blogs/expanse",
    "theme_support_url": "https://archetypethemes.co/pages/support#expanse"
  },
  {
    "name": "Colors",
    "settings": [
      {
        "type": "header",
        "content": "General"
      },
      {
        "type": "color",
        "id": "color_body_bg",
        "label": "Background",
        "default": "#ffffff"
      },
      {
        "type": "color",
        "id": "color_body_text",
        "label": "Text",
        "default": "#1c1d1d"
      },
      {
        "type": "color",
        "id": "color_price",
        "label": "Price",
        "default": "#1c1d1d"
      },
      {
        "type": "color",
        "id": "color_savings_text",
        "label": "Save price",
        "default": "#ff4e4e"
      },
      {
        "type": "color",
        "id": "color_borders",
        "label": "Lines and borders",
        "default": "#1c1d1d"
      },
      {
        "type": "color",
        "id": "color_button",
        "label": "Buttons",
        "default": "#1c1d1d"
      },
      {
        "type": "color",
        "id": "color_button_text",
        "label": "Button text",
        "default": "#ffffff"
      },
      {
        "type": "color",
        "id": "color_sale_tag",
        "label": "Sale tags",
        "default": "#1c1d1d"
      },
      {
        "type": "color",
        "id": "color_sale_tag_text",
        "label": "Sale tag text",
        "default": "#ffffff"
      },
      {
        "type": "color",
        "id": "color_cart_dot",
        "label": "Cart dot",
        "default": "#ff4f33"
      },
      {
        "type": "color",
        "id": "color_cart_dot_text",
        "label": "Cart dot text",
        "default": "#fff"
      },
      {
        "type": "color",
        "id": "color_small_image_bg",
        "label": "Image background",
        "default": "#ffffff"
      },
      {
        "type": "color",
        "id": "color_large_image_bg",
        "label": "Image section background",
        "default": "#1c1d1d"
      },
      {
        "type": "header",
        "content": "Header"
      },
      {
        "type": "color",
        "id": "color_header",
        "label": "Background",
        "default": "#ffffff"
      },
      {
        "type": "color",
        "id": "color_header_text",
        "label": "Text",
        "default": "#000000"
      },
      {
        "type": "color",
        "id": "color_announcement",
        "label": "Announcement",
        "default": "#ffffff"
      },
      {
        "type": "color",
        "id": "color_announcement_text",
        "label": "Announcement text",
        "default": "#000000"
      },
      {
        "type": "color",
        "id": "color_header_search",
        "label": "Search field",
        "default": "#fff"
      },
      {
        "type": "header",
        "content": "Footer"
      },
      {
        "type": "color",
        "id": "color_footer",
        "label": "Background",
        "default": "#111"
      },
      {
        "type": "color",
        "id": "color_footer_border",
        "label": "Borders",
        "default": "#1c1d1d"
      },
      {
        "type": "color",
        "id": "color_footer_text",
        "label": "Text",
        "default": "#ffffff"
      },
      {
        "type": "header",
        "content": "Color scheme 1"
      },
      {
        "type": "color",
        "id": "color_scheme_1_bg",
        "label": "Background",
        "default": "#000000"
      },
      {
        "type": "color",
        "id": "color_scheme_1_text",
        "label": "Text",
        "default": "#ffffff"
      },
      {
        "type": "select",
        "id": "color_scheme_1_texture",
        "label": "Texture",
        "default": "none",
        "options": [
          {
            "value": "none",
            "label": "None"
          },
          {
            "value": "paper.jpg",
            "label": "Paper"
          },
          {
            "value": "swirl",
            "label": "Swirl"
          },
          {
            "value": "marble.jpg",
            "label": "Marble"
          },
          {
            "value": "space.jpg",
            "label": "Space"
          },
          {
            "value": "darken",
            "label": "Darken"
          },
          {
            "value": "squiggle",
            "label": "Squiggle"
          }
        ]
      },
      {
        "type": "header",
        "content": "Color scheme 2"
      },
      {
        "type": "color",
        "id": "color_scheme_2_bg",
        "label": "Background",
        "default": "#ACC6C3"
      },
      {
        "type": "color",
        "id": "color_scheme_2_text",
        "label": "Text",
        "default": "#ffffff"
      },
      {
        "type": "select",
        "id": "color_scheme_2_texture",
        "label": "Texture",
        "default": "none",
        "options": [
          {
            "value": "none",
            "label": "None"
          },
          {
            "value": "paper.jpg",
            "label": "Paper"
          },
          {
            "value": "swirl",
            "label": "Swirl"
          },
          {
            "value": "marble.jpg",
            "label": "Marble"
          },
          {
            "value": "space.jpg",
            "label": "Space"
          },
          {
            "value": "darken",
            "label": "Darken"
          },
          {
            "value": "squiggle",
            "label": "Squiggle"
          }
        ]
      },
      {
        "type": "header",
        "content": "Color scheme 3"
      },
      {
        "type": "color",
        "id": "color_scheme_3_bg",
        "label": "Background",
        "default": "#ffffff"
      },
      {
        "type": "color",
        "id": "color_scheme_3_text",
        "label": "Text",
        "default": "#000000"
      },
      {
        "type": "select",
        "id": "color_scheme_3_texture",
        "label": "Texture",
        "default": "none",
        "options": [
          {
            "value": "none",
            "label": "None"
          },
          {
            "value": "paper.jpg",
            "label": "Paper"
          },
          {
            "value": "swirl",
            "label": "Swirl"
          },
          {
            "value": "marble.jpg",
            "label": "Marble"
          },
          {
            "value": "space.jpg",
            "label": "Space"
          },
          {
            "value": "darken",
            "label": "Darken"
          },
          {
            "value": "squiggle",
            "label": "Squiggle"
          }
        ]
      }
    ]
  },
  {
    "name": "Typography",
    "settings": [
      {
        "type": "header",
        "content": "Headings"
      },
      {
        "type": "font_picker",
        "id": "type_header_font_family",
        "label": "Font",
        "default": "poppins_n7"
      },
      {
        "type": "select",
        "id": "type_header_spacing",
        "label": "Letter spacing",
        "default": "25",
        "options": [
          {
            "value": "-75",
            "label": "-75"
          },
          {
            "value": "-50",
            "label": "-50"
          },
          {
            "value": "-25",
            "label": "-25"
          },
          {
            "value": "-10",
            "label": "-10"
          },
          {
            "value": "0",
            "label": "0"
          },
          {
            "value": "10",
            "label": "10"
          },
          {
            "value": "25",
            "label": "25"
          },
          {
            "value": "50",
            "label": "50"
          },
          {
            "value": "75",
            "label": "75"
          },
          {
            "value": "100",
            "label": "100"
          },
          {
            "value": "150",
            "label": "150"
          },
          {
            "value": "200",
            "label": "200"
          },
          {
            "value": "250",
            "label": "250"
          }
        ]
      },
      {
        "type": "range",
        "id": "type_header_base_size",
        "label": "Base size",
        "default": 32,
        "min": 22,
        "max": 60,
        "unit": "px"
      },
      {
        "type": "range",
        "id": "type_header_line_height",
        "label": "Line height",
        "default": 1.4,
        "min": 0.8,
        "max": 2,
        "step": 0.1
      },
      {
        "type": "checkbox",
        "id": "type_header_capitalize",
        "label": "Capitalize"
      },
      {
        "type": "header",
        "content": "Body text"
      },
      {
        "type": "font_picker",
        "id": "type_base_font_family",
        "label": "Font",
        "default": "poppins_n5"
      },
      {
        "type": "select",
        "id": "type_base_spacing",
        "label": "Letter spacing",
        "default": "50",
        "options": [
          {
            "value": "-75",
            "label": "-75"
          },
          {
            "value": "-50",
            "label": "-50"
          },
          {
            "value": "-25",
            "label": "-25"
          },
          {
            "value": "-10",
            "label": "-10"
          },
          {
            "value": "0",
            "label": "0"
          },
          {
            "value": "10",
            "label": "10"
          },
          {
            "value": "25",
            "label": "25"
          },
          {
            "value": "50",
            "label": "50"
          },
          {
            "value": "75",
            "label": "75"
          },
          {
            "value": "100",
            "label": "100"
          },
          {
            "value": "150",
            "label": "150"
          },
          {
            "value": "200",
            "label": "200"
          },
          {
            "value": "250",
            "label": "250"
          }
        ]
      },
      {
        "type": "range",
        "id": "type_base_size",
        "label": "Base size",
        "default": 16,
        "min": 12,
        "max": 20,
        "unit": "px"
      },
      {
        "type": "range",
        "id": "type_base_line_height",
        "label": "Line height",
        "default": 1.4,
        "min": 1,
        "max": 2,
        "step": 0.1
      },
      {
        "type": "header",
        "content": "Navigation"
      },
      {
        "type": "select",
        "id": "type_navigation_style",
        "label": "Navigation font",
        "default": "body",
        "options": [
          {
            "value": "body",
            "label": "Body"
          },
          {
            "value": "heading",
            "label": "Heading"
          }
        ]
      },
      {
        "type": "range",
        "id": "type_navigation_size",
        "label": "Navigation size",
        "default": 18,
        "min": 12,
        "max": 40,
        "unit": "px"
      },
      {
        "type": "checkbox",
        "id": "type_navigation_capitalize",
        "label": "Capitalize navigation"
      },
      {
        "type": "header",
        "content": "Language"
      },
      {
        "type": "select",
        "id": "text_direction",
        "label": "Text direction",
        "default": "ltr",
        "options": [
          {
            "value": "ltr",
            "label": "Left to right"
          },
          {
            "value": "rtl",
            "label": "Right to left"
          }
        ]
      }
    ]
  },
  {
    "name": "Design",
    "settings": [
      {
        "type": "header",
        "content": "General"
      },
      {
        "type": "select",
        "id": "edges",
        "label": "Edges",
        "default": "square",
        "options": [
          {
            "value": "square",
            "label": "Square"
          },
          {
            "value": "round",
            "label": "Round"
          }
        ]
      },
      {
        "type": "select",
        "id": "button_style",
        "label": "Button style",
        "default": "square",
        "options": [
          {
            "value": "square",
            "label": "Square"
          },
          {
            "value": "round-slight",
            "label": "Slightly round"
          },
          {
            "value": "round",
            "label": "Round"
          }
        ]
      },
      {
        "type": "header",
        "content": "Icons"
      },
      {
        "type": "select",
        "id": "cart_icon",
        "label": "Cart icon",
        "default": "bag-minimal",
        "options": [
          {
            "value": "bag",
            "label": "Bag"
          },
          {
            "value": "bag-minimal",
            "label": "Minimal bag"
          },
          {
            "value": "cart",
            "label": "Cart"
          }
        ]
      },
      {
        "type": "select",
        "id": "icon_weight",
        "label": "Weight",
        "default": "5px",
        "options": [
          {
            "value": "2px",
            "label": "Extra-light"
          },
          {
            "value": "3px",
            "label": "Light"
          },
          {
            "value": "4px",
            "label": "Regular"
          },
          {
            "value": "5px",
            "label": "Semi-bold"
          },
          {
            "value": "6px",
            "label": "Bold"
          },
          {
            "value": "7px",
            "label": "Extra-bold"
          }
        ]
      },
      {
        "type": "select",
        "id": "icon_linecaps",
        "label": "Edges",
        "default": "miter",
        "options": [
          {
            "value": "miter",
            "label": "Sharp"
          },
          {
            "value": "round",
            "label": "Round"
          }
        ]
      },
      {
        "type": "header",
        "content": "Animations"
      },
      {
        "type": "checkbox",
        "id": "animate_page_transitions",
        "label": "Fade between pages",
        "default": true
      }
    ]
  },
  {
    "name": "Products",
    "settings": [
      {
        "type": "checkbox",
        "id": "superscript_decimals",
        "label": "Show cents as superscript",
        "default": true
      },
      {
        "type": "checkbox",
        "id": "product_save_amount",
        "label": "Show saved amount",
        "default": true
      },
      {
        "type": "select",
        "id": "product_save_type",
        "label": "Savings display style",
        "default": "dollar",
        "options": [
          {
            "value": "dollar",
            "label": "Amount"
          },
          {
            "value": "percent",
            "label": "Percent"
          }
        ]
      },
      {
        "type": "checkbox",
        "id": "vendor_enable",
        "label": "Show vendor"
      }
    ]
  },
  {
    "name": "Product tiles",
    "settings": [
      {
        "type": "checkbox",
        "id": "quick_shop_enable",
        "label": "Enable quick view",
        "default": true
      },
      {
        "type": "checkbox",
        "id": "quick_add_enable",
        "label": "Enable quick add",
        "default": true
      },
      {
        "type": "select",
        "id": "product_grid_image_size",
        "label": "Force image size",
        "default": "square",
        "options": [
          {
            "value": "natural",
            "label": "Natural"
          },
          {
            "value": "square",
            "label": "Square (1:1)"
          },
          {
            "value": "landscape",
            "label": "Landscape (4:3)"
          },
          {
            "value": "portrait",
            "label": "Portrait (2:3)"
          }
        ]
      },
      {
        "type": "checkbox",
        "id": "product_grid_image_fill",
        "label": "Zoom image to fill space",
        "info": "No effect when grid image size set to 'Natural'"
      },
      {
        "type": "checkbox",
        "id": "product_hover_image",
        "label": "Hover to reveal second image",
        "default": false
      },
      {
        "type": "header",
        "content": "Color swatches"
      },
      {
        "type": "checkbox",
        "id": "enable_swatches",
        "label": "Enable color swatches"
      },
      {
        "type": "select",
        "id": "swatch_style",
        "label": "Swatch style",
        "default": "round",
        "options": [
          {
            "value": "round",
            "label": "Round"
          },
          {
            "value": "square",
            "label": "Square"
          }
        ]
      },
      {
        "type": "range",
        "id": "swatch_size",
        "label": "Swatch size",
        "default": 40,
        "min": 30,
        "max": 80,
        "step": 1,
        "unit": "px"
      },
      {
        "type": "header",
        "content": "Design"
      },
      {
        "type": "select",
        "id": "product_grid_style",
        "label": "Product tile style",
        "default": "grey-round",
        "options": [
          {
            "value": "simple",
            "label": "Simple"
          },
          {
            "value": "grey-round",
            "label": "Grey round"
          },
          {
            "value": "grey-square",
            "label": "Grey square"
          },
          {
            "value": "gridlines-thick",
            "label": "Thick grid"
          },
          {
            "value": "gridlines-thin",
            "label": "Thin grid"
          }
        ]
      },
      {
        "type": "range",
        "id": "product_grid_image_margin",
        "label": "Image breathing room",
        "default": 10,
        "min": 0,
        "max": 20,
        "unit": "%"
      },
      {
        "type": "header",
        "content": "Product reviews"
      },
      {
        "type": "paragraph",
        "content": "Add reviews by enabling the setting below and installing the [Shopify Product Reviews app](https://apps.shopify.com/product-reviews) and following our [setup guide](https://archetypethemes.co/blogs/support/installing-shopifys-product-reviews-app)"
      },
      {
        "type": "checkbox",
        "label": "Enable product reviews",
        "id": "enable_product_reviews"
      }
    ]
  },
  {
    "name": "Collection tiles",
    "settings": [
      {
        "type": "header",
        "content": "Collection tiles"
      },
      {
        "type": "select",
        "id": "collection_grid_shape",
        "label": "Collection tile style",
        "default": "circle",
        "options": [
          {
            "value": "circle",
            "label": "Circle (1:1)"
          },
          {
            "value": "square",
            "label": "Square (1:1)"
          },
          {
            "value": "landscape",
            "label": "Landscape (4:3)"
          },
          {
            "value": "portrait",
            "label": "Portrait (2:3)"
          }
        ]
      },
      {
        "type": "select",
        "id": "collection_grid_image",
        "label": "Image",
        "default": "collection",
        "options": [
          {
            "value": "product",
            "label": "First product"
          },
          {
            "value": "collection",
            "label": "Collection image"
          }
        ]
      },
      {
        "type": "range",
        "id": "collection_grid_image_margin",
        "label": "Image breathing room",
        "default": 10,
        "min": 0,
        "max": 20,
        "unit": "%"
      }
    ]
  },
  {
    "name": "Cart",
    "settings": [
      {
        "type": "header",
        "content": "Cart"
      },
      {
        "type": "select",
        "id": "cart_type",
        "label": "Cart type",
        "default": "dropdown",
        "options": [
          {
            "value": "page",
            "label": "Page"
          },
          {
            "value": "dropdown",
            "label": "Dropdown"
          }
        ]
      },
      {
        "type": "checkbox",
        "id": "cart_additional_buttons",
        "label": "Enable additional checkout buttons",
        "info": "The buttons can appear on either your cart page or your checkout page, but not both."
      },
      {
        "type": "collection",
        "id": "cart_collection",
        "label": "Cart recommendations"
      },
      {
        "type": "checkbox",
        "id": "cart_notes_enable",
        "label": "Enable order notes"
      },
      {
        "type": "checkbox",
        "id": "cart_terms_conditions_enable",
        "label": "Enable terms and conditions checkbox"
      },
      {
        "type": "url",
        "id": "cart_terms_conditions_link",
        "label": "Terms and conditions page"
      }
    ]
  },
  {
    "name": "Social media",
    "settings": [
      {
        "type": "header",
        "content": "Accounts"
      },
      {
        "type": "text",
        "id": "social_facebook_link",
        "label": "Facebook",
        "info": "https://www.facebook.com/shopify"
      },
      {
        "type": "text",
        "id": "social_twitter_link",
        "label": "Twitter",
        "info": "https://twitter.com/shopify"
      },
      {
        "type": "text",
        "id": "social_pinterest_link",
        "label": "Pinterest",
        "info": "https://www.pinterest.com/shopify"
      },
      {
        "type": "text",
        "id": "social_instagram_link",
        "label": "Instagram",
        "info": "https://instagram.com/shopify"
      },
      {
        "type": "text",
        "id": "social_snapchat_link",
        "label": "Snapchat",
        "info": "https://www.snapchat.com/add/shopify"
      },
      {
        "type": "text",
        "id": "social_tiktok_link",
        "label": "TikTok",
        "info": "https://www.tiktok.com/@shopify"
      },
      {
        "type": "text",
        "id": "social_tumblr_link",
        "label": "Tumblr",
        "info": "http://shopify.tumblr.com"
      },
      {
        "type": "text",
        "id": "social_linkedin_link",
        "label": "LinkedIn",
        "info": "https://www.linkedin.com/in/shopify"
      },
      {
        "type": "text",
        "id": "social_youtube_link",
        "label": "YouTube",
        "info": "https://www.youtube.com/user/shopify"
      },
      {
        "type": "text",
        "id": "social_vimeo_link",
        "label": "Vimeo",
        "info": "https://vimeo.com/shopify"
      },
      {
        "type": "header",
        "content": "Sharing options"
      },
      {
        "type": "checkbox",
        "id": "share_facebook",
        "label": "Share on Facebook",
        "default": true
      },
      {
        "type": "checkbox",
        "id": "share_twitter",
        "label": "Tweet on Twitter",
        "default": true
      },
      {
        "type": "checkbox",
        "id": "share_pinterest",
        "label": "Pin on Pinterest",
        "default": true
      }
    ]
  },
  {
    "name": "Favicon",
    "settings": [
      {
        "type": "image_picker",
        "id": "favicon",
        "label": "Favicon image",
        "info": "Will be scaled down to 32 x 32px"
      }
    ]
  },
  {
    "name": "Search",
    "settings": [
      {
        "type": "select",
        "id": "search_type",
        "label": "Search results",
        "default": "product,article",
        "options": [
          {
            "value": "product",
            "label": "Products only"
          },
          {
            "value": "product,page",
            "label": "Products and pages"
          },
          {
            "value": "product,article",
            "label": "Products and blog posts"
          },
          {
            "value": "product,article,page",
            "label": "Products, blog posts, and pages"
          },
          {
            "value": "product,article,page,collection",
            "label": "All content"
          }
        ]
      },
      {
        "type": "collection",
        "id": "search_top_collection",
        "label": "Top searches collection",
        "info": "Displays up to 7 products"
      },
      {
        "type": "header",
        "content": "Predictive search"
      },
      {
        "type": "checkbox",
        "id": "predictive_search_enabled",
        "label": "Enable predictive search",
        "default": true,
        "info": "Live search results. Not available in all languages. [Learn more](https://help.shopify.com/en/themes/development/search/predictive-search#general-requirements-and-limitations)"
      },
      {
        "type": "select",
        "id": "predictive_image_size",
        "label": "Product image aspect ratio",
        "default": "square",
        "options": [
          {
            "value": "square",
            "label": "Square (1:1)"
          },
          {
            "value": "landscape",
            "label": "Landscape (4:3)"
          },
          {
            "value": "portrait",
            "label": "Portrait (2:3)"
          }
        ]
      }
    ]
  },
  {
    "name": "Extras",
    "settings": [
      {
        "type": "checkbox",
        "id": "show_breadcrumbs",
        "label": "Show breadcrumbs"
      },
      {
        "type": "checkbox",
        "id": "show_breadcrumbs_collection_link",
        "label": "Show collections page in breadcrumb list"
      }
    ]
  }
]
