{"current":{"color_body_bg":"#ffffff","color_body_text":"#000000","color_price":"#1c1d1d","color_savings_text":"#ba4444","color_borders":"#e8e8e1","color_button":"#000000","color_button_text":"#ffffff","color_sale_tag":"#ba4444","color_cart_dot":"#ba4444","color_small_image_bg":"#ffffff","color_large_image_bg":"#e7e7e7","color_header":"#ffffff","color_header_text":"#000000","color_announcement":"#000000","color_announcement_text":"#ffffff","color_header_search":"#f7f7f7","color_footer":"#ffffff","color_footer_border":"#e8e8e1","color_footer_text":"#242430","color_scheme_1_bg":"#ffffff","color_scheme_1_text":"#000000","color_scheme_1_texture":"marble.jpg","color_scheme_2_bg":"#fff9ea","color_scheme_2_text":"#812f2b","color_scheme_2_texture":"paper.jpg","color_scheme_3_bg":"#56654e","color_scheme_3_text":"#fff6df","color_scheme_3_texture":"swirl","type_header_font_family":"playfair_display_n4","type_header_spacing":"0","type_header_base_size":50,"type_header_line_height":1.1,"type_header_capitalize":false,"type_base_font_family":"harmonia_sans_n4","type_base_spacing":"25","type_base_size":17,"type_base_line_height":1.5,"type_navigation_style":"body","type_navigation_size":15,"type_navigation_capitalize":true,"edges":"square","button_style":"square","cart_icon":"cart","icon_weight":"4px","icon_linecaps":"miter","superscript_decimals":true,"vendor_enable":true,"quick_shop_enable":true,"quick_add_enable":true,"product_grid_image_size":"portrait","product_grid_image_fill":false,"product_hover_image":true,"enable_swatches":true,"swatch_style":"round","swatch_size":52,"product_grid_style":"simple","product_grid_image_margin":5,"enable_product_reviews":true,"collection_grid_shape":"portrait","collection_grid_image":"collection","collection_grid_image_margin":0,"cart_type":"dropdown","cart_additional_buttons":false,"cart_notes_enable":false,"cart_terms_conditions_enable":false,"favicon":"shopify:\/\/shop_images\/Screen_Shot_2021-09-02_at_9.47.49_am.png","search_type":"product","show_breadcrumbs":false,"show_breadcrumbs_collection_link":true,"checkout_logo_position":"left","checkout_logo_size":"small","checkout_body_background_color":"#ffffff","checkout_input_background_color_mode":"white","checkout_sidebar_background_color":"#fafafa","checkout_accent_color":"#111111","checkout_button_color":"#111111","checkout_error_color":"#ff6d6d","type_product_style":"body","type_product_capitalize":true,"color_image_overlay":"#000000","color_image_overlay_opacity":0,"color_image_overlay_text_shadow":28,"type_headers_align_text":false,"type_body_align_text":true,"color_drawer_background":"#ffffff","color_drawer_text":"#000000","color_drawer_border":"#e8e8e1","color_drawer_button":"#111111","color_drawer_button_text":"#ffffff","color_modal_overlays":"#e6e6e6","type_collection_font":"body","type_collection_size":18,"collection_grid_style":"below","collection_grid_text_align":"center","collection_grid_tint":"#000000","collection_grid_opacity":10,"collection_grid_gutter":true,"breadcrumb":false,"sections":{"header":{"type":"header","blocks":{"70000bcc-17d3-4b57-b9d7-5f3ceb6cc669":{"type":"logo","disabled":true,"settings":{"logo":"shopify:\/\/shop_images\/Screen_Shot_2021-09-02_at_9.47.49_am.png","logo-inverted":"shopify:\/\/shop_images\/Screen_Shot_2021-09-02_at_9.47.49_am.png","desktop_logo_width":100,"mobile_logo_width":70}}},"block_order":["70000bcc-17d3-4b57-b9d7-5f3ceb6cc669"],"settings":{"aus__logo":"shopify:\/\/shop_images\/Screen_Shot_2021-09-02_at_9.47.49_am.png","logo__width":90,"aus__title":"Wythfield Books","aus__size":47,"main_menu_link_list":"main-menu","main_menu_alignment":"below","mega_products":true,"header_sticky":false,"header_footer_menu":true,"sticky_index":false,"sticky_collection":false}},"newsletter-popup":{"type":"newsletter-popup","settings":{"mode":"enabled","popup_seconds":60,"popup_days":30,"popup_title":"Get 10% off your first purchase.","popup_text":"<p>Sign up today and we&#x27;ll send you a 10% discount code towards your first purchase. Some restrictions apply.<\/p>","color_scheme":"2","enable_newsletter":true,"button_label":"Optional button","button_link":"","enable_button":false}},"collection-header":{"type":"collection-header","settings":{"enable":true,"collection_image_enable":true,"parallax":false}},"footer-promotions":{"type":"footer-promotions","blocks":{"footer-promotions-0":{"type":"promotion","settings":{"enable_image":true,"image":"shopify:\/\/shop_images\/128723-hero-winter_kidsbooks-books_for_the_family-wk40-45_5__d.jpg","title":"Kid's Books","text":"<p>Explore our favourite storybooks for kids that are perfect for family read-alouds.<\/p>","button_label":"Shop Now","button_link":"","color_scheme":"none"}},"footer-promotions-1":{"type":"promotion","settings":{"enable_image":true,"title":"Site-wide promotion","text":"<p>Use this section to promote content throughout every page of your site. Add images for further impact.<\/p>","button_label":"Optional button","button_link":"","color_scheme":"none"}},"footer-promotions-2":{"type":"promotion","settings":{"enable_image":true,"title":"Site-wide promotion","text":"<p>Use this section to promote content throughout every page of your site. Add images for further impact.<\/p>","button_label":"Optional button","button_link":"","color_scheme":"2"}}},"block_order":["footer-promotions-0","footer-promotions-1","footer-promotions-2"],"settings":{"hide_homepage":false,"image_size":"landscape"}},"product-recommendations":{"type":"product-recommendations","settings":{"product_recommendations_heading":"You may also like"}},"recently-viewed":{"type":"recently-viewed","settings":{}},"toolbar":{"type":"toolbar","blocks":{"2892eec5-3806-4e46-a283-7ad19ecd98d6":{"type":"announcement","settings":{"richtext":"<p>Hassle-free returns. 30-day postage paid returns<\/p>","richtext_mobile":""}},"c79e2a1b-f047-4f49-ac0c-7e7a024466aa":{"type":"announcement","settings":{"richtext":"<p>Free Delivery For All Books Within Australia. No Minimum Spend!<\/p>","richtext_mobile":"<p>Free Delivery For All Books Within Australia. No Minimum Spend!<\/p>"}}},"block_order":["2892eec5-3806-4e46-a283-7ad19ecd98d6","c79e2a1b-f047-4f49-ac0c-7e7a024466aa"],"settings":{"announcement_center":true,"toolbar_social":true,"show_locale_selector":false,"show_currency_selector":false}},"footer":{"type":"footer","blocks":{"footer-0":{"type":"menu","settings":{"title":"Customer Service","menu":"footer","enable_account_link":false}},"fe6a67a0-686e-435b-a946-f28802053c97":{"type":"contact","settings":{"phone":"+1 800 123 1234","contact":"","chat":"","enable_social":true}},"c296bc3e-1d7f-4750-b993-050176521596":{"type":"payment","settings":{"show_payment_icons":true,"show_locale_selector":true,"show_currency_selector":true}}},"block_order":["footer-0","fe6a67a0-686e-435b-a946-f28802053c97","c296bc3e-1d7f-4750-b993-050176521596"],"settings":{"show_newsletter":true,"newsletter_richtext":"<p>Subscribe today and get 10% off your first purchase<\/p>","footer_main_menu":true,"show_copyright":true,"copyright_text":"","policies_menu":""}},"password-header":{"type":"password-header","settings":{"desktop_logo_height":100,"mobile_logo_height":60}},"password-content":{"type":"password-content","settings":{"title":"Be the first to know","show_password_message":false,"text":"","newsletter_enable":true,"newsletter_placeholder":"Enter your email","show_share_buttons":true,"show_image":true}}},"content_for_index":[],"blocks":{"17131813740995892412":{"type":"shopify:\/\/apps\/layouthub-easy-page-builder\/blocks\/app-embed\/25089956-9d57-43f9-a43e-a4d0b1c5ad54","disabled":false,"settings":{}},"1990815452989453926":{"type":"shopify:\/\/apps\/ryviu-aliexpress-reviews-qa\/blocks\/ryviu-js\/807ad6ed-1a6a-4559-abea-ed062858d9da","disabled":false,"settings":{}}}},"presets":{"Classic":{"color_body_bg":"#ffffff","color_body_text":"#000000","color_price":"#1c1d1d","color_savings_text":"#ba4444","color_borders":"#e8e8e1","color_button":"#313652","color_button_text":"#ffffff","color_sale_tag":"#ba4444","color_cart_dot":"#ba4444","color_small_image_bg":"#ffffff","color_large_image_bg":"#e7e7e7","color_header":"#313652","color_header_text":"#ffffff","color_header_search":"#ffffff","color_footer":"#f9f9fb","color_footer_border":"#e8e8e1","color_footer_text":"#242430","color_scheme_1_bg":"#ffffff","color_scheme_1_text":"#000000","color_scheme_1_texture":"marble.jpg","color_scheme_2_bg":"#acc6c3","color_scheme_2_text":"#ffffff","color_scheme_2_texture":"swirl","color_scheme_3_bg":"#ffffff","color_scheme_3_text":"#000000","color_scheme_3_texture":"darken","type_header_font_family":"libre_baskerville_n4","type_header_spacing":"0","type_header_base_size":36,"type_header_line_height":1.2,"type_header_capitalize":false,"type_base_font_family":"harmonia_sans_n4","type_base_spacing":"25","type_base_size":16,"type_base_line_height":1.5,"type_navigation_style":"body","type_navigation_size":14,"type_navigation_capitalize":true,"button_style":"square","cart_icon":"cart","icon_weight":"4px","icon_linecaps":"miter","superscript_decimals":true,"product_grid_style":"grey-square","product_grid_image_margin":10,"collection_grid_shape":"circle","collection_grid_image":"product","collection_grid_image_margin":17,"quick_shop_enable":true,"quick_add_enable":true,"product_grid_image_size":"square","product_grid_image_fill":true,"product_hover_image":true,"cart_type":"dropdown","cart_additional_buttons":false,"cart_notes_enable":false,"cart_terms_conditions_enable":false,"show_breadcrumbs":false,"show_breadcrumbs_collection_link":true,"checkout_logo_position":"left","checkout_logo_size":"small","checkout_body_background_color":"#ffffff","checkout_input_background_color_mode":"white","checkout_sidebar_background_color":"#fafafa","checkout_accent_color":"#111111","checkout_button_color":"#111111","checkout_error_color":"#ff6d6d","type_product_style":"body","type_product_capitalize":true,"color_image_overlay":"#000000","color_image_overlay_opacity":0,"color_image_overlay_text_shadow":28,"type_headers_align_text":false,"type_body_align_text":true,"color_announcement":"#000000","color_announcement_text":"#ffffff","color_drawer_background":"#ffffff","color_drawer_text":"#000000","color_drawer_border":"#e8e8e1","color_drawer_button":"#111111","color_drawer_button_text":"#ffffff","color_modal_overlays":"#e6e6e6","type_collection_font":"body","type_collection_size":18,"collection_grid_style":"below","collection_grid_text_align":"center","collection_grid_tint":"#000000","collection_grid_opacity":10,"collection_grid_gutter":true,"breadcrumb":false,"sections":{"header":{"type":"header","settings":{"main_menu_link_list":"main-menu","main_menu_alignment":"below","mega_products":true,"header_sticky":true,"sticky_index":false,"sticky_collection":false}},"newsletter-popup":{"type":"newsletter-popup","settings":{"mode":"enabled","popup_seconds":60,"popup_days":30,"popup_title":"Get 10% off your first purchase.","popup_text":"<p>Sign up today and we&#x27;ll send you a 10% discount code towards your first purchase. Some restrictions apply.<\/p>","color_scheme":"2","enable_newsletter":true,"button_label":"Optional button","enable_button":false}},"collection-header":{"type":"collection-header","settings":{"enable":true,"collection_image_enable":true,"parallax":false}},"footer-promotions":{"type":"footer-promotions","blocks":{"footer-promotions-0":{"type":"promotion","settings":{"enable_image":true,"color_scheme":"1"}},"footer-promotions-1":{"type":"promotion","settings":{"enable_image":true,"color_scheme":"none"}},"footer-promotions-2":{"type":"promotion","settings":{"enable_image":true,"color_scheme":"2"}}},"block_order":["footer-promotions-0","footer-promotions-1","footer-promotions-2"],"settings":{"hide_homepage":false,"image_size":"wide"}},"product-recommendations":{"type":"product-recommendations","settings":{"product_recommendations_heading":"You may also like"}},"recently-viewed":{"type":"recently-viewed","settings":{}},"toolbar":{"type":"toolbar","settings":{"toolbar_social":false,"show_locale_selector":false,"show_currency_selector":false}},"footer":{"type":"footer","blocks":{"footer-0":{"type":"menu","settings":{"menu":"footer"}},"fe6a67a0-686e-435b-a946-f28802053c97":{"type":"contact","settings":{"phone":"+1 800 123 1234","enable_social":true}},"c296bc3e-1d7f-4750-b993-050176521596":{"type":"payment","settings":{"show_payment_icons":true,"show_locale_selector":true,"show_currency_selector":true}}},"block_order":["footer-0","fe6a67a0-686e-435b-a946-f28802053c97","c296bc3e-1d7f-4750-b993-050176521596"],"settings":{"show_newsletter":true,"newsletter_richtext":"<p>Subscribe today and get 10% off your first purchase<\/p>","show_copyright":true,"copyright_text":"","policies_menu":"policies"}},"password-header":{"type":"password-header","settings":{"desktop_logo_height":100,"mobile_logo_height":60}},"password-content":{"type":"password-content","settings":{"title":"Be the first to know","show_password_message":false,"text":"","newsletter_enable":true,"newsletter_placeholder":"Enter your email","show_share_buttons":true,"show_image":true}}}},"Modern":{"color_body_bg":"#ffffff","color_body_text":"#000000","color_price":"#1c1d1d","color_savings_text":"#ba4444","color_borders":"#e8e8e1","color_button":"#111111","color_button_text":"#ffffff","color_sale_tag":"#ba4444","color_cart_dot":"#ba4444","color_small_image_bg":"#ffffff","color_large_image_bg":"#0f0f0f","color_header":"#111212","color_header_text":"#ffffff","color_header_search":"#ffffff","color_footer":"#ffffff","color_footer_border":"#e8e8e1","color_footer_text":"#000000","color_scheme_1_bg":"#ba4444","color_scheme_1_text":"#ffffff","color_scheme_1_texture":"swirl","color_scheme_2_bg":"#ffffff","color_scheme_2_text":"#000000","color_scheme_2_texture":"paper.jpg","color_scheme_3_bg":"#fcf4f1","color_scheme_3_text":"#000000","color_scheme_3_texture":"squiggle","type_header_font_family":"harmonia_sans_n6","type_header_spacing":"50","type_header_base_size":32,"type_header_line_height":1.1,"type_header_capitalize":false,"type_base_font_family":"century_gothic_n4","type_base_spacing":"50","type_base_size":15,"type_base_line_height":1.6,"type_navigation_style":"body","type_navigation_size":14,"type_navigation_capitalize":true,"button_style":"square","cart_icon":"bag-minimal","icon_weight":"3px","icon_linecaps":"miter","superscript_decimals":true,"product_grid_style":"simple","product_grid_image_margin":10,"collection_grid_shape":"circle","collection_grid_image":"product","collection_grid_image_margin":15,"quick_shop_enable":true,"quick_add_enable":true,"product_grid_image_size":"square","product_grid_image_fill":false,"product_hover_image":true,"cart_type":"dropdown","cart_additional_buttons":false,"cart_notes_enable":false,"cart_terms_conditions_enable":false,"show_breadcrumbs":false,"show_breadcrumbs_collection_link":true,"checkout_logo_position":"left","checkout_logo_size":"small","checkout_body_background_color":"#ffffff","checkout_input_background_color_mode":"white","checkout_sidebar_background_color":"#fafafa","checkout_accent_color":"#111111","checkout_button_color":"#111111","checkout_error_color":"#ff6d6d","type_product_style":"body","type_product_capitalize":true,"color_image_overlay":"#000000","color_image_overlay_opacity":0,"color_image_overlay_text_shadow":28,"type_headers_align_text":false,"type_body_align_text":false,"color_announcement":"#000000","color_announcement_text":"#ffffff","color_drawer_background":"#ffffff","color_drawer_text":"#000000","color_drawer_border":"#e8e8e1","color_drawer_button":"#111111","color_drawer_button_text":"#ffffff","color_modal_overlays":"#e6e6e6","type_collection_font":"body","type_collection_size":18,"collection_grid_style":"below","collection_grid_text_align":"center","collection_grid_tint":"#000000","collection_grid_opacity":10,"collection_grid_gutter":true,"breadcrumb":false,"sections":{"header":{"type":"header","settings":{"main_menu_link_list":"main-menu","main_menu_alignment":"left","header_sticky":true,"sticky_index":false,"sticky_collection":false}},"newsletter-popup":{"type":"newsletter-popup","settings":{"mode":"enabled","popup_seconds":5,"popup_days":30,"popup_title":"Save 10% off your first purchase","popup_text":"<p>Sign up today and we&#x27;ll send you a 10% discount code towards your first purchase.<\/p>","color_scheme":"3","enable_newsletter":true,"button_label":"Optional button","enable_button":false}},"collection-header":{"type":"collection-header","settings":{"enable":true,"collection_image_enable":true,"parallax":false}},"footer-promotions":{"type":"footer-promotions","blocks":{"footer-promotions-0":{"type":"promotion","settings":{"enable_image":true,"color_scheme":"1"}},"footer-promotions-1":{"type":"promotion","settings":{"enable_image":true,"color_scheme":"3"}},"footer-promotions-2":{"type":"promotion","settings":{"enable_image":true,"color_scheme":"2"}}},"block_order":["footer-promotions-0","footer-promotions-1","footer-promotions-2"],"settings":{"hide_homepage":false,"image_size":"wide"}},"product-recommendations":{"type":"product-recommendations","settings":{"product_recommendations_heading":"You may also like"}},"recently-viewed":{"type":"recently-viewed","settings":{}},"toolbar":{"type":"toolbar","blocks":{"0b066516-effd-470b-ba3b-fc9f69d6c6ae":{"type":"announcement","settings":{}},"cff431d4-9a3a-4622-a731-bd2d4c67a45c":{"type":"announcement","settings":{}}},"block_order":["0b066516-effd-470b-ba3b-fc9f69d6c6ae","cff431d4-9a3a-4622-a731-bd2d4c67a45c"],"settings":{}},"footer":{"type":"footer","blocks":{"footer-0":{"type":"menu","settings":{"menu":"footer","enable_account_link":false}},"fe6a67a0-686e-435b-a946-f28802053c97":{"type":"contact","settings":{"phone":"+1 800 123 1234","enable_social":true}},"c296bc3e-1d7f-4750-b993-050176521596":{"type":"payment","settings":{"show_payment_icons":true,"show_locale_selector":true,"show_currency_selector":true}}},"block_order":["footer-0","fe6a67a0-686e-435b-a946-f28802053c97","c296bc3e-1d7f-4750-b993-050176521596"],"settings":{"show_newsletter":true,"newsletter_richtext":"<p>Subscribe today and get 10% off your first purchase<\/p>","show_copyright":true,"copyright_text":"","policies_menu":"policies"}},"password-header":{"type":"password-header","settings":{"desktop_logo_height":100,"mobile_logo_height":60}},"password-content":{"type":"password-content","settings":{"title":"Be the first to know","show_password_message":false,"text":"","newsletter_enable":true,"newsletter_placeholder":"Enter your email","show_share_buttons":true,"show_image":true}}}},"Contemporary":{"color_body_bg":"#ffffff","color_body_text":"#000000","color_price":"#1c1d1d","color_savings_text":"#ba4444","color_borders":"#e8e8e1","color_button":"#000000","color_button_text":"#ffffff","color_sale_tag":"#ba4444","color_cart_dot":"#ba4444","color_small_image_bg":"#ffffff","color_large_image_bg":"#e7e7e7","color_header":"#ffffff","color_header_text":"#000000","color_header_search":"#f7f7f7","color_footer":"#ffffff","color_footer_border":"#e8e8e1","color_footer_text":"#242430","color_scheme_1_bg":"#ffffff","color_scheme_1_text":"#000000","color_scheme_1_texture":"marble.jpg","color_scheme_2_bg":"#fff9ea","color_scheme_2_text":"#812f2b","color_scheme_2_texture":"paper.jpg","color_scheme_3_bg":"#56654e","color_scheme_3_text":"#fff6df","color_scheme_3_texture":"swirl","type_header_font_family":"itc_stepp_n7","type_header_spacing":"0","type_header_base_size":50,"type_header_line_height":1.1,"type_header_capitalize":false,"type_base_font_family":"harmonia_sans_n4","type_base_spacing":"25","type_base_size":17,"type_base_line_height":1.5,"type_navigation_style":"body","type_navigation_size":15,"type_navigation_capitalize":true,"edges":"square","button_style":"square","cart_icon":"cart","icon_weight":"4px","icon_linecaps":"miter","superscript_decimals":true,"product_grid_style":"gridlines-thin","product_grid_image_margin":5,"collection_grid_shape":"square","collection_grid_image":"product","collection_grid_image_margin":5,"quick_shop_enable":true,"quick_add_enable":true,"product_grid_image_size":"square","product_grid_image_fill":true,"product_hover_image":true,"cart_type":"dropdown","cart_additional_buttons":false,"cart_collection":"all","cart_notes_enable":true,"cart_terms_conditions_enable":false,"show_breadcrumbs":true,"show_breadcrumbs_collection_link":true,"checkout_logo_position":"left","checkout_logo_size":"small","checkout_body_background_color":"#ffffff","checkout_input_background_color_mode":"white","checkout_sidebar_background_color":"#fafafa","checkout_accent_color":"#111111","checkout_button_color":"#111111","checkout_error_color":"#ff6d6d","color_image_overlay":"#000000","color_image_overlay_opacity":0,"color_image_overlay_text_shadow":28,"type_headers_align_text":false,"type_body_align_text":true,"color_drawer_background":"#ffffff","color_drawer_text":"#000000","color_drawer_border":"#e8e8e1","color_drawer_button":"#111111","color_drawer_button_text":"#ffffff","color_modal_overlays":"#e6e6e6","type_collection_font":"body","type_collection_size":18,"collection_grid_style":"below","collection_grid_text_align":"center","collection_grid_tint":"#000000","collection_grid_opacity":10,"collection_grid_gutter":true,"breadcrumb":false,"sections":{"header":{"type":"header","settings":{"main_menu_link_list":"main-menu","main_menu_alignment":"below","mega_products":true,"header_sticky":true,"sticky_index":false,"sticky_collection":false}},"newsletter-popup":{"type":"newsletter-popup","settings":{"mode":"enabled","popup_seconds":60,"popup_days":30,"popup_title":"Sign up and save","popup_text":"<p>Entice customers to sign up for your mailing list with discounts or exclusive offers. Include an image for extra impact.<\/p>","color_scheme":"3","enable_newsletter":true,"button_label":"Optional button","enable_button":false}},"collection-header":{"type":"collection-header","settings":{"enable":true,"collection_image_enable":true,"parallax":false}},"footer-promotions":{"type":"footer-promotions","blocks":{"footer-promotions-2":{"type":"promotion","settings":{"enable_image":true,"color_scheme":"3"}},"footer-promotions-0":{"type":"promotion","settings":{"enable_image":true,"color_scheme":"1"}},"footer-promotions-1":{"type":"promotion","settings":{"enable_image":true,"color_scheme":"none"}}},"block_order":["footer-promotions-2","footer-promotions-0","footer-promotions-1"],"settings":{"hide_homepage":false,"image_size":"square"}},"product-recommendations":{"type":"product-recommendations","settings":{"product_recommendations_heading":"You may also like"}},"recently-viewed":{"type":"recently-viewed","settings":{}},"toolbar":{"type":"toolbar","settings":{"toolbar_social":false,"show_locale_selector":false,"show_currency_selector":false}},"footer":{"type":"footer","blocks":{"footer-0":{"type":"menu","settings":{"menu":"footer","enable_account_link":false}},"fe6a67a0-686e-435b-a946-f28802053c97":{"type":"contact","settings":{"phone":"+1 800 123 1234","enable_social":true}},"c296bc3e-1d7f-4750-b993-050176521596":{"type":"payment","settings":{"show_payment_icons":true,"show_locale_selector":true,"show_currency_selector":true}}},"block_order":["footer-0","fe6a67a0-686e-435b-a946-f28802053c97","c296bc3e-1d7f-4750-b993-050176521596"],"settings":{"show_newsletter":true,"newsletter_richtext":"<p>Subscribe today and get 10% off your first purchase<\/p>","show_copyright":true}},"password-header":{"type":"password-header","settings":{"desktop_logo_height":100,"mobile_logo_height":60}},"password-content":{"type":"password-content","settings":{"show_password_message":false,"newsletter_enable":true,"show_share_buttons":true,"show_image":true}},"list-collections-template":{"type":"list-collections-template","settings":{"title_enable":false,"display_type":"all","sort":"alphabetical"}}}}}}